,사고번호,사고일시,요일,시군구,사고내용,사망자수,중상자수,경상자수,부상신고자수,사고유형,법규위반,노면상태,기상상태,도로형태,가해운전자 차종,가해운전자 성별,가해운전자 연령,가해운전자 상해정도,피해운전자 차종,피해운전자 성별,피해운전자 연령,피해운전자 상해정도
1648,2019031400100136,2019년 3월 14일 08시,목요일,충청북도 제천시 의림동,중상사고,0,1,0,0,차대사람 - 차도통행중,안전운전불이행,포장 - 건조,맑음,교차로 - 교차로안,승용,남,63세,상해없음,보행자,남,74세,중상
1649,2019031400100243,2019년 3월 14일 11시,목요일,충청북도 청주시 청원구 내덕동,중상사고,0,1,0,0,차대사람 - 횡단중,안전운전불이행,포장 - 건조,맑음,교차로 - 교차로안,화물,남,51세,상해없음,보행자,여,85세,중상
1650,2019031400100359,2019년 3월 14일 15시,목요일,충청북도 청주시 서원구 사직동,경상사고,0,0,1,0,차대사람 - 횡단중,안전운전불이행,포장 - 건조,맑음,단일로 - 기타,승용,남,38세,상해없음,보행자,여,10세,경상
1651,2019031500100232,2019년 3월 15일 11시,금요일,충청북도 음성군 금왕읍,중상사고,0,1,0,0,차대사람 - 기타,안전운전불이행,포장 - 건조,맑음,교차로 - 교차로안,승용,여,65세,상해없음,보행자,여,63세,중상
1652,2019031500100405,2019년 3월 15일 16시,금요일,충청북도 충주시 금릉동,경상사고,0,0,1,0,차대사람 - 기타,안전운전불이행,포장 - 건조,맑음,교차로 - 교차로횡단보도내,승용,남,53세,상해없음,보행자,여,74세,경상
1653,2019031500100699,2019년 3월 15일 22시,금요일,충청북도 제천시 중앙로2가,중상사고,0,1,0,0,차대사람 - 횡단중,안전운전불이행,포장 - 젖음/습기,맑음,교차로 - 교차로안,승합,남,38세,상해없음,보행자,남,23세,중상
1654,2019031700100071,2019년 3월 17일 03시,일요일,충청북도 청주시 흥덕구 가경동,경상사고,0,0,1,0,차대사람 - 기타,안전운전불이행,포장 - 건조,맑음,교차로 - 교차로횡단보도내,승용,남,59세,상해없음,보행자,남,54세,경상
1655,2019031700100399,2019년 3월 17일 18시,일요일,충청북도 청주시 서원구 사창동,경상사고,0,0,1,0,차대사람 - 기타,안전운전불이행,포장 - 건조,맑음,단일로 - 기타,승용,남,75세,기타불명,보행자,여,23세,경상
1656,2019031700100424,2019년 3월 17일 19시,일요일,충청북도 옥천군 이원면,중상사고,0,1,0,0,차대사람 - 차도통행중,안전운전불이행,포장 - 건조,맑음,단일로 - 기타,승용,여,51세,상해없음,보행자,남,62세,중상
1657,2019031800100282,2019년 3월 18일 13시,월요일,충청북도 청주시 서원구 사직동,경상사고,0,0,1,0,차대사람 - 횡단중,안전운전불이행,포장 - 건조,맑음,교차로 - 교차로부근,승용,여,30세,기타불명,보행자,남,64세,경상
1658,2019031800100536,2019년 3월 18일 21시,월요일,충청북도 음성군 금왕읍,경상사고,0,0,1,0,차대사람 - 기타,안전운전불이행,포장 - 건조,맑음,교차로 - 교차로안,승용,남,66세,상해없음,보행자,남,54세,경상
1659,2019031900100051,2019년 3월 19일 03시,화요일,충청북도 청주시 서원구 사직동,중상사고,0,1,0,0,차대사람 - 길가장자리구역통행중,안전운전불이행,포장 - 건조,맑음,단일로 - 기타,승용,여,38세,상해없음,보행자,여,32세,중상
1660,2019031900100189,2019년 3월 19일 10시,화요일,충청북도 청주시 청원구 내덕동,중상사고,0,1,0,0,차대사람 - 기타,안전운전불이행,포장 - 건조,맑음,교차로 - 교차로부근,승합,남,36세,상해없음,보행자,여,71세,중상
1661,2019031900100211,2019년 3월 19일 11시,화요일,충청북도 청주시 흥덕구 외북동,중상사고,0,1,0,0,차대사람 - 기타,안전운전불이행,포장 - 건조,맑음,교차로 - 교차로부근,화물,남,61세,상해없음,보행자,남,35세,중상
1662,2019031900100290,2019년 3월 19일 14시,화요일,충청북도 음성군 음성읍,중상사고,0,1,0,0,차대사람 - 횡단중,안전운전불이행,포장 - 건조,맑음,단일로 - 교량,화물,남,49세,상해없음,보행자,여,57세,중상
1663,2019031900100359,2019년 3월 19일 16시,화요일,충청북도 청주시 서원구 사직동,경상사고,0,0,1,0,차대사람 - 횡단중,신호위반,포장 - 건조,맑음,교차로 - 교차로횡단보도내,승용,남,46세,상해없음,보행자,여,21세,경상
1664,2019031900100390,2019년 3월 19일 17시,화요일,충청북도 청주시 흥덕구 봉명동,중상사고,0,1,0,0,차대사람 - 횡단중,안전운전불이행,포장 - 건조,맑음,교차로 - 교차로부근,승용,여,38세,상해없음,보행자,남,11세,중상
1665,2019031900100426,2019년 3월 19일 18시,화요일,충청북도 청주시 서원구 사창동,경상사고,0,0,1,0,차대사람 - 기타,안전운전불이행,포장 - 건조,흐림,단일로 - 기타,승용,여,23세,상해없음,보행자,여,27세,경상
1666,2019031900100457,2019년 3월 19일 19시,화요일,충청북도 영동군 영동읍,중상사고,0,1,0,0,차대사람 - 기타,안전운전불이행,포장 - 건조,맑음,교차로 - 교차로부근,승용,남,64세,상해없음,보행자,여,68세,중상
1667,2019031900100458,2019년 3월 19일 19시,화요일,충청북도 청주시 흥덕구 운천동,경상사고,0,0,1,0,차대사람 - 기타,안전운전불이행,포장 - 건조,맑음,단일로 - 기타,승용,남,25세,기타불명,보행자,남,46세,경상
1668,2019032000100230,2019년 3월 20일 11시,수요일,충청북도 음성군 금왕읍,중상사고,0,1,0,0,차대사람 - 길가장자리구역통행중,안전운전불이행,포장 - 건조,맑음,교차로 - 교차로부근,승용,여,65세,상해없음,보행자,남,82세,중상
1669,2019032000100636,2019년 3월 20일 21시,수요일,충청북도 청주시 청원구 율량동,중상사고,0,1,0,0,차대사람 - 기타,안전운전불이행,포장 - 젖음/습기,비,단일로 - 기타,승용,여,37세,상해없음,보행자,남,49세,중상
1670,2019032100100303,2019년 3월 21일 13시,목요일,충청북도 청주시 청원구 사천동,중상사고,0,1,0,0,차대사람 - 횡단중,보행자보호의무위반,포장 - 건조,맑음,교차로 - 교차로안,승용,남,66세,상해없음,보행자,여,70세,중상
1671,2019032200100041,2019년 3월 22일 02시,금요일,충청북도 청주시 서원구 사창동,경상사고,0,0,1,0,차대사람 - 기타,안전운전불이행,포장 - 건조,맑음,단일로 - 기타,승용,남,24세,상해없음,보행자,남,27세,경상
1672,2019032200100309,2019년 3월 22일 14시,금요일,충청북도 청주시 흥덕구 봉명동,경상사고,0,0,1,0,차대사람 - 기타,안전운전불이행,포장 - 건조,맑음,단일로 - 기타,승용,남,43세,상해없음,보행자,여,61세,경상
1673,2019032200100378,2019년 3월 22일 16시,금요일,충청북도 제천시 청전동,경상사고,0,0,1,0,차대사람 - 횡단중,안전운전불이행,포장 - 건조,맑음,단일로 - 기타,승용,여,25세,상해없음,보행자,남,54세,경상
1674,2019032200100379,2019년 3월 22일 16시,금요일,충청북도 진천군 광혜원면,중상사고,0,1,0,0,차대사람 - 기타,안전운전불이행,포장 - 건조,맑음,교차로 - 교차로안,승용,남,48세,상해없음,보행자,여,69세,중상
1675,2019032200100420,2019년 3월 22일 17시,금요일,충청북도 충주시 칠금동,경상사고,0,0,1,0,차대사람 - 기타,안전운전불이행,포장 - 건조,맑음,기타 - 기타,승용,여,52세,상해없음,보행자,여,10세,경상
1676,2019032200100477,2019년 3월 22일 18시,금요일,충청북도 제천시 중앙로2가,경상사고,0,0,1,0,차대사람 - 횡단중,안전운전불이행,포장 - 건조,맑음,교차로 - 교차로부근,승용,남,54세,상해없음,보행자,여,21세,경상
1677,2019032400100193,2019년 3월 24일 11시,일요일,충청북도 청주시 흥덕구 오송읍,경상사고,0,0,1,0,차대사람 - 기타,안전운전불이행,포장 - 건조,맑음,교차로 - 교차로부근,승용,남,53세,기타불명,보행자,남,24세,경상
1678,2019032400100215,2019년 3월 24일 12시,일요일,충청북도 청주시 청원구 우암동,중상사고,0,1,0,0,차대사람 - 기타,안전운전불이행,포장 - 건조,맑음,교차로 - 교차로안,승용,여,59세,상해없음,보행자,남,32세,중상
1679,2019032400100277,2019년 3월 24일 14시,일요일,충청북도 청주시 상당구 금천동,경상사고,0,0,2,0,차대사람 - 횡단중,신호위반,포장 - 건조,맑음,교차로 - 교차로횡단보도내,승합,남,48세,상해없음,보행자,남,67세,경상
1680,2019032500100030,2019년 3월 25일 02시,월요일,충청북도 보은군 보은읍,부상신고사고,0,0,0,1,차대사람 - 기타,안전운전불이행,포장 - 건조,흐림,주차장 - 주차장,승용,여,59세,상해없음,보행자,남,49세,부상신고
1681,2019032500100031,2019년 3월 25일 02시,월요일,충청북도 보은군 보은읍,중상사고,0,1,0,0,차대사람 - 보도통행중,안전운전불이행,포장 - 건조,맑음,단일로 - 지하차도(도로)내,승합,여,19세,상해없음,보행자,남,81세,중상
1682,2019032500100047,2019년 3월 25일 05시,월요일,충청북도 청주시 서원구 사직동,사망사고,1,0,0,0,차대사람 - 횡단중,안전운전불이행,포장 - 건조,맑음,단일로 - 기타,특수,남,45세,상해없음,보행자,여,79세,사망
1683,2019032500100155,2019년 3월 25일 09시,월요일,충청북도 보은군 보은읍,중상사고,0,1,0,0,차대사람 - 기타,안전운전불이행,포장 - 건조,맑음,주차장 - 주차장,화물,남,25세,상해없음,보행자,남,74세,중상
1684,2019032500100238,2019년 3월 25일 12시,월요일,충청북도 제천시 청전동,중상사고,0,1,0,0,차대사람 - 횡단중,보행자보호의무위반,포장 - 건조,맑음,교차로 - 교차로횡단보도내,이륜,남,20세,상해없음,보행자,여,60세,중상
1685,2019032500100589,2019년 3월 25일 22시,월요일,충청북도 충주시 봉방동,경상사고,0,0,1,0,차대사람 - 기타,안전운전불이행,포장 - 건조,맑음,단일로 - 기타,승용,남,47세,상해없음,보행자,남,38세,경상
1686,2019032600100046,2019년 3월 26일 02시,화요일,충청북도 청주시 서원구 사창동,중상사고,0,1,0,0,차대사람 - 기타,안전운전불이행,포장 - 건조,맑음,교차로 - 교차로부근,승용,남,19세,상해없음,보행자,남,24세,중상
1687,2019032600100551,2019년 3월 26일 20시,화요일,충청북도 청주시 상당구 금천동,중상사고,0,1,0,0,차대사람 - 기타,안전운전불이행,포장 - 건조,맑음,교차로 - 교차로안,승용,여,20세,상해없음,보행자,남,54세,중상
1688,2019032700100048,2019년 3월 27일 02시,수요일,충청북도 충주시 교현동,경상사고,0,0,1,0,차대사람 - 기타,안전운전불이행,포장 - 건조,맑음,단일로 - 기타,승용,남,51세,상해없음,보행자,남,32세,경상
1689,2019032700100303,2019년 3월 27일 14시,수요일,충청북도 증평군 증평읍,중상사고,0,1,0,0,차대사람 - 보도통행중,신호위반,포장 - 건조,맑음,교차로 - 교차로안,승용,남,31세,상해없음,보행자,여,87세,중상
1690,2019032700100333,2019년 3월 27일 15시,수요일,충청북도 청주시 흥덕구 복대동,경상사고,0,0,1,0,차대사람 - 횡단중,안전운전불이행,포장 - 건조,맑음,단일로 - 기타,승용,남,47세,상해없음,보행자,여,69세,경상
1691,2019032700100579,2019년 3월 27일 23시,수요일,충청북도 음성군 금왕읍,중상사고,0,1,0,0,차대사람 - 차도통행중,안전운전불이행,포장 - 건조,맑음,교차로 - 교차로부근,승용,남,35세,상해없음,보행자,남,42세,중상
1692,2019032800100347,2019년 3월 28일 15시,목요일,충청북도 충주시 용두동,중상사고,0,1,0,0,차대사람 - 기타,안전운전불이행,포장 - 건조,맑음,단일로 - 기타,기타불명,기타불명,미분류,기타불명,보행자,남,52세,중상
1693,2019032800100394,2019년 3월 28일 16시,목요일,충청북도 충주시 호암동,경상사고,0,0,1,0,차대사람 - 차도통행중,안전운전불이행,포장 - 건조,맑음,단일로 - 기타,승용,여,46세,상해없음,보행자,남,18세,경상
1694,2019032900100117,2019년 3월 29일 08시,금요일,충청북도 증평군 증평읍,경상사고,0,0,1,0,차대사람 - 차도통행중,안전운전불이행,포장 - 건조,맑음,교차로 - 교차로안,승용,남,31세,상해없음,보행자,남,77세,경상
1695,2019032900100472,2019년 3월 29일 17시,금요일,충청북도 충주시 용산동,경상사고,0,0,1,0,차대사람 - 횡단중,안전운전불이행,포장 - 건조,맑음,단일로 - 기타,승용,여,47세,상해없음,보행자,남,12세,경상
1696,2019033000100160,2019년 3월 30일 06시,토요일,충청북도 청주시 청원구 율량동,경상사고,0,0,1,0,차대사람 - 기타,안전운전불이행,포장 - 건조,맑음,단일로 - 기타,승용,남,61세,상해없음,보행자,남,24세,경상
1697,2019033000100286,2019년 3월 30일 11시,토요일,충청북도 청주시 청원구 내수읍,경상사고,0,0,1,0,차대사람 - 기타,안전운전불이행,포장 - 건조,맑음,교차로 - 교차로안,승용,남,68세,상해없음,보행자,남,78세,경상
1698,2019033000100287,2019년 3월 30일 11시,토요일,충청북도 청주시 청원구 오창읍,중상사고,0,1,0,0,차대사람 - 기타,안전운전불이행,포장 - 건조,맑음,단일로 - 기타,승용,남,54세,상해없음,보행자,남,10세,중상
1699,2019033000100653,2019년 3월 30일 21시,토요일,충청북도 청주시 청원구 율량동,경상사고,0,0,1,0,차대사람 - 기타,안전운전불이행,포장 - 건조,맑음,교차로 - 교차로안,승용,여,22세,상해없음,보행자,여,65세,경상
1700,2019033000100693,2019년 3월 30일 23시,토요일,충청북도 제천시 청전동,경상사고,0,0,1,0,차대사람 - 횡단중,신호위반,포장 - 젖음/습기,눈,교차로 - 교차로안,이륜,남,20세,상해없음,보행자,여,19세,경상
1701,2019033100100205,2019년 3월 31일 13시,일요일,충청북도 청주시 서원구 모충동,경상사고,0,0,1,0,차대사람 - 기타,안전운전불이행,포장 - 건조,맑음,단일로 - 지하차도(도로)내,승용,남,62세,상해없음,보행자,남,18세,경상
1702,2019033100100467,2019년 3월 31일 23시,일요일,충청북도 청주시 흥덕구 오송읍,경상사고,0,0,1,0,차대사람 - 횡단중,신호위반,포장 - 건조,맑음,단일로 - 기타,승용,남,71세,상해없음,보행자,남,39세,경상
1703,2019040100100150,2019년 4월 1일 08시,월요일,충청북도 청주시 상당구 용담동,경상사고,0,0,1,0,차대사람 - 횡단중,보행자보호의무위반,포장 - 건조,맑음,교차로 - 교차로부근,화물,남,51세,기타불명,보행자,여,74세,경상
1704,2019040100100199,2019년 4월 1일 09시,월요일,충청북도 제천시 신월동,중상사고,0,1,0,0,차대사람 - 횡단중,보행자보호의무위반,포장 - 건조,맑음,교차로 - 교차로횡단보도내,승용,남,26세,상해없음,보행자,여,87세,중상
1705,2019040100100403,2019년 4월 1일 15시,월요일,충청북도 제천시 신월동,경상사고,0,0,1,0,차대사람 - 횡단중,안전운전불이행,포장 - 건조,맑음,교차로 - 교차로횡단보도내,승용,여,22세,상해없음,보행자,여,21세,경상
1706,2019040100100545,2019년 4월 1일 18시,월요일,충청북도 진천군 진천읍,경상사고,0,0,1,0,차대사람 - 기타,보행자보호의무위반,포장 - 건조,맑음,교차로 - 교차로부근,승용,남,58세,상해없음,보행자,여,21세,경상
1707,2019040100100592,2019년 4월 1일 19시,월요일,충청북도 청주시 흥덕구 비하동,경상사고,0,0,1,0,차대사람 - 횡단중,안전운전불이행,포장 - 건조,맑음,교차로 - 교차로부근,승용,여,50세,상해없음,보행자,남,25세,경상
1708,2019040100100593,2019년 4월 1일 19시,월요일,충청북도 청주시 상당구 용암동,중상사고,0,1,0,0,차대사람 - 횡단중,보행자보호의무위반,포장 - 건조,맑음,교차로 - 교차로횡단보도내,승용,남,23세,기타불명,보행자,여,57세,중상
1709,2019040200100155,2019년 4월 2일 08시,화요일,충청북도 제천시 장락동,경상사고,0,0,1,0,차대사람 - 기타,안전운전불이행,포장 - 건조,맑음,교차로 - 교차로부근,승용,여,44세,상해없음,보행자,남,47세,경상
1710,2019040200100269,2019년 4월 2일 11시,화요일,충청북도 청주시 서원구 수곡동,중상사고,0,1,0,0,차대사람 - 횡단중,보행자보호의무위반,포장 - 건조,맑음,교차로 - 교차로횡단보도내,화물,남,69세,상해없음,보행자,여,43세,중상
1711,2019040200100442,2019년 4월 2일 16시,화요일,충청북도 충주시 연수동,경상사고,0,0,2,0,차대사람 - 횡단중,안전운전불이행,포장 - 건조,맑음,교차로 - 교차로안,승용,여,39세,상해없음,보행자,여,30세,경상
1712,2019040200100529,2019년 4월 2일 18시,화요일,충청북도 옥천군 옥천읍,중상사고,0,1,0,0,차대사람 - 횡단중,보행자보호의무위반,포장 - 건조,맑음,교차로 - 교차로횡단보도내,승용,여,37세,상해없음,보행자,여,51세,중상
1713,2019040300100100,2019년 4월 3일 07시,수요일,충청북도 영동군 양산면,경상사고,0,0,1,0,차대사람 - 길가장자리구역통행중,안전운전불이행,포장 - 건조,맑음,단일로 - 기타,승용,남,48세,상해없음,보행자,남,67세,경상
1714,2019040300100147,2019년 4월 3일 08시,수요일,충청북도 옥천군 옥천읍,경상사고,0,0,1,0,차대사람 - 차도통행중,안전운전불이행,포장 - 건조,맑음,단일로 - 기타,승용,남,48세,상해없음,보행자,남,2세,경상
1715,2019040300100260,2019년 4월 3일 12시,수요일,충청북도 청주시 상당구 탑동,경상사고,0,0,1,0,차대사람 - 횡단중,안전운전불이행,포장 - 건조,맑음,교차로 - 교차로안,승합,여,42세,상해없음,보행자,남,81세,경상
1716,2019040300100325,2019년 4월 3일 14시,수요일,충청북도 청주시 상당구 가덕면,중상사고,0,1,0,0,차대사람 - 기타,안전운전불이행,포장 - 건조,맑음,주차장 - 주차장,승용,남,73세,상해없음,보행자,남,65세,중상
1717,2019040400100146,2019년 4월 4일 08시,목요일,충청북도 청주시 흥덕구 봉명동,중상사고,0,1,0,0,차대사람 - 횡단중,보행자보호의무위반,포장 - 건조,맑음,교차로 - 교차로횡단보도내,화물,남,59세,상해없음,보행자,남,57세,중상
1718,2019040400100227,2019년 4월 4일 10시,목요일,충청북도 음성군 맹동면,중상사고,0,1,0,0,차대사람 - 기타,안전운전불이행,포장 - 건조,맑음,교차로 - 교차로부근,승용,남,72세,상해없음,보행자,여,82세,중상
1719,2019040400100413,2019년 4월 4일 16시,목요일,충청북도 충주시 교현동,중상사고,0,1,0,0,차대사람 - 횡단중,안전운전불이행,포장 - 건조,맑음,교차로 - 교차로부근,화물,남,43세,상해없음,보행자,여,60세,중상
1720,2019040400100417,2019년 4월 4일 16시,목요일,충청북도 청주시 상당구 남문로2가동,중상사고,0,1,0,0,차대사람 - 횡단중,보행자보호의무위반,포장 - 건조,맑음,단일로 - 지하차도(도로)내,승용,여,67세,상해없음,보행자,여,70세,중상
1721,2019040400100418,2019년 4월 4일 16시,목요일,충청북도 청주시 상당구 용암동,부상신고사고,0,0,0,1,차대사람 - 보도통행중,기타,포장 - 건조,맑음,기타 - 기타,개인형이동수단(PM),여,56세,상해없음,보행자,남,58세,부상신고
1722,2019040400100419,2019년 4월 4일 16시,목요일,충청북도 청주시 상당구 용암동,경상사고,0,0,1,0,차대사람 - 횡단중,보행자보호의무위반,포장 - 건조,맑음,단일로 - 지하차도(도로)내,승용,여,63세,상해없음,보행자,남,6세,경상
1723,2019040400100545,2019년 4월 4일 19시,목요일,충청북도 음성군 대소면,중상사고,0,1,0,0,차대사람 - 길가장자리구역통행중,안전운전불이행,포장 - 건조,맑음,주차장 - 주차장,승용,남,46세,상해없음,보행자,여,47세,중상
1724,2019040500100073,2019년 4월 5일 04시,금요일,충청북도 제천시 화산동,경상사고,0,0,1,0,차대사람 - 횡단중,안전운전불이행,포장 - 건조,맑음,교차로 - 교차로안,승용,남,55세,상해없음,보행자,남,45세,경상
1725,2019040500100076,2019년 4월 5일 05시,금요일,충청북도 청주시 서원구 개신동,경상사고,0,0,1,0,차대사람 - 기타,안전운전불이행,포장 - 건조,맑음,교차로 - 교차로부근,승용,남,65세,상해없음,보행자,여,20세,경상
1726,2019040500100215,2019년 4월 5일 11시,금요일,충청북도 청주시 흥덕구 가경동,중상사고,0,1,0,0,차대사람 - 횡단중,안전운전불이행,포장 - 건조,맑음,교차로 - 교차로부근,승용,여,50세,상해없음,보행자,남,76세,중상
1727,2019040500100444,2019년 4월 5일 17시,금요일,충청북도 청주시 청원구 오창읍,경상사고,0,0,1,0,차대사람 - 횡단중,보행자보호의무위반,포장 - 건조,맑음,단일로 - 기타,승용,여,46세,상해없음,보행자,남,39세,경상
1728,2019040500100496,2019년 4월 5일 18시,금요일,충청북도 충주시 교현동,사망사고,1,0,0,0,차대사람 - 횡단중,안전운전불이행,포장 - 건조,맑음,단일로 - 기타,승용,여,33세,상해없음,보행자,여,5세,사망
1729,2019040500100552,2019년 4월 5일 19시,금요일,충청북도 청주시 서원구 사창동,경상사고,0,0,1,0,차대사람 - 횡단중,보행자보호의무위반,포장 - 건조,맑음,교차로 - 교차로횡단보도내,승용,여,47세,상해없음,보행자,여,19세,경상
1730,2019040500100709,2019년 4월 5일 23시,금요일,충청북도 청주시 청원구 우암동,중상사고,0,1,0,0,차대사람 - 기타,안전운전불이행,포장 - 건조,맑음,교차로 - 교차로부근,승용,남,39세,상해없음,보행자,남,49세,중상
1731,2019040600100141,2019년 4월 6일 08시,토요일,충청북도 보은군 보은읍,경상사고,0,0,1,0,차대사람 - 차도통행중,안전운전불이행,포장 - 건조,맑음,단일로 - 지하차도(도로)내,화물,남,46세,상해없음,보행자,여,58세,경상
1732,2019040600100494,2019년 4월 6일 18시,토요일,충청북도 괴산군 연풍면,경상사고,0,0,1,0,차대사람 - 기타,기타,포장 - 건조,맑음,기타 - 기타,승용,남,73세,상해없음,보행자,여,69세,경상
1733,2019040700100092,2019년 4월 7일 05시,일요일,충청북도 청주시 흥덕구 옥산면,사망사고,1,0,0,0,차대사람 - 횡단중,안전운전불이행,포장 - 건조,맑음,단일로 - 지하차도(도로)내,승용,여,27세,상해없음,보행자,남,76세,사망
1734,2019040700100266,2019년 4월 7일 14시,일요일,충청북도 청주시 상당구 영동,경상사고,0,0,1,0,차대사람 - 차도통행중,안전운전불이행,포장 - 건조,맑음,단일로 - 기타,화물,남,79세,상해없음,보행자,여,13세,경상
1735,2019040700100268,2019년 4월 7일 14시,일요일,충청북도 청주시 상당구 미원면,경상사고,0,0,1,0,차대사람 - 기타,안전운전불이행,포장 - 건조,맑음,교차로 - 교차로안,승용,남,47세,상해없음,보행자,남,68세,경상
1736,2019040700100457,2019년 4월 7일 20시,일요일,충청북도 제천시 금성면,경상사고,0,0,1,0,차대사람 - 횡단중,안전운전불이행,포장 - 건조,맑음,단일로 - 지하차도(도로)내,승용,여,59세,상해없음,보행자,남,61세,경상
1737,2019040800100387,2019년 4월 8일 15시,월요일,충청북도 청주시 서원구 사창동,경상사고,0,0,1,0,차대사람 - 기타,보행자보호의무위반,포장 - 건조,맑음,단일로 - 기타,승용,남,54세,상해없음,보행자,여,21세,경상
1738,2019040800100456,2019년 4월 8일 17시,월요일,충청북도 제천시 의림동,경상사고,0,0,1,0,차대사람 - 횡단중,기타,포장 - 건조,맑음,단일로 - 지하차도(도로)내,승용,남,25세,상해없음,보행자,남,9세,경상
1739,2019040800100457,2019년 4월 8일 17시,월요일,충청북도 제천시 화산동,경상사고,0,0,1,0,차대사람 - 횡단중,안전운전불이행,포장 - 건조,맑음,단일로 - 지하차도(도로)내,승용,남,57세,상해없음,보행자,여,3세,경상
1740,2019040800100580,2019년 4월 8일 20시,월요일,충청북도 진천군 진천읍,중상사고,0,1,0,0,차대사람 - 기타,보행자보호의무위반,포장 - 건조,맑음,단일로 - 기타,승합,여,51세,상해없음,보행자,남,51세,중상
1741,2019040900100496,2019년 4월 9일 19시,화요일,충청북도 청주시 서원구 사직동,중상사고,0,1,0,0,차대사람 - 기타,직진우회전진행방해,포장 - 건조,맑음,교차로 - 교차로안,승용,여,48세,상해없음,보행자,남,73세,중상
1742,2019040900100498,2019년 4월 9일 19시,화요일,충청북도 충주시 문화동,경상사고,0,0,1,0,차대사람 - 횡단중,안전운전불이행,포장 - 젖음/습기,비,교차로 - 교차로안,이륜,남,22세,상해없음,보행자,남,58세,경상
1743,2019040900100499,2019년 4월 9일 19시,화요일,충청북도 음성군 대소면,중상사고,0,1,0,0,차대사람 - 차도통행중,안전운전불이행,포장 - 젖음/습기,비,교차로 - 교차로부근,승용,남,50세,상해없음,보행자,남,22세,중상
1744,2019040900100552,2019년 4월 9일 20시,화요일,충청북도 청주시 청원구 주중동,중상사고,0,1,0,0,차대사람 - 기타,안전운전불이행,포장 - 젖음/습기,비,교차로 - 교차로안,승용,여,46세,상해없음,보행자,여,51세,중상
1745,2019040900100553,2019년 4월 9일 20시,화요일,충청북도 제천시 동현동,경상사고,0,0,1,0,차대사람 - 횡단중,안전운전불이행,포장 - 젖음/습기,비,교차로 - 교차로안,승용,여,50세,상해없음,보행자,여,44세,경상
1746,2019040900100554,2019년 4월 9일 20시,화요일,충청북도 제천시 신월동,경상사고,0,0,1,0,차대사람 - 길가장자리구역통행중,안전운전불이행,포장 - 젖음/습기,눈,단일로 - 지하차도(도로)내,승용,남,30세,상해없음,보행자,여,19세,경상
1747,2019040900100613,2019년 4월 9일 21시,화요일,충청북도 진천군 진천읍,중상사고,0,1,0,0,차대사람 - 기타,안전운전불이행,포장 - 건조,맑음,교차로 - 교차로안,승용,여,54세,상해없음,보행자,여,44세,중상
1748,2019041000100284,2019년 4월 10일 12시,수요일,충청북도 청주시 상당구 북문로1가동,중상사고,0,1,0,0,차대사람 - 횡단중,보행자보호의무위반,포장 - 건조,맑음,교차로 - 교차로횡단보도내,승용,남,57세,상해없음,보행자,남,84세,중상
1749,2019041000100479,2019년 4월 10일 18시,수요일,충청북도 제천시 중앙로1가,경상사고,0,0,1,0,차대사람 - 횡단중,안전운전불이행,포장 - 건조,맑음,교차로 - 교차로횡단보도내,승용,남,27세,상해없음,보행자,여,15세,경상
1750,2019041100100325,2019년 4월 11일 14시,목요일,충청북도 증평군 증평읍,사망사고,1,0,0,0,차대사람 - 횡단중,보행자보호의무위반,포장 - 건조,맑음,교차로 - 교차로안,화물,남,57세,상해없음,보행자,여,82세,사망
1751,2019041100100373,2019년 4월 11일 16시,목요일,충청북도 청주시 청원구 율량동,중상사고,0,1,0,0,차대사람 - 기타,안전운전불이행,포장 - 건조,맑음,교차로 - 교차로횡단보도내,화물,남,53세,상해없음,보행자,남,14세,중상
1752,2019041100100549,2019년 4월 11일 21시,목요일,충청북도 청주시 상당구 영운동,경상사고,0,0,1,0,차대사람 - 기타,안전운전불이행,포장 - 건조,맑음,교차로 - 교차로부근,승용,남,63세,상해없음,보행자,남,54세,경상
1753,2019041100100601,2019년 4월 11일 23시,목요일,충청북도 청주시 흥덕구 향정동,경상사고,0,0,1,0,차대사람 - 횡단중,안전운전불이행,포장 - 건조,맑음,교차로 - 교차로부근,승용,남,33세,상해없음,보행자,남,29세,경상
1754,2019041200100101,2019년 4월 12일 07시,금요일,충청북도 제천시 중앙로1가,경상사고,0,0,1,0,차대사람 - 차도통행중,안전운전불이행,포장 - 건조,흐림,단일로 - 지하차도(도로)내,승합,남,70세,상해없음,보행자,여,86세,경상
1755,2019041200100129,2019년 4월 12일 08시,금요일,충청북도 청주시 서원구 분평동,중상사고,0,1,0,0,차대사람 - 기타,안전운전불이행,포장 - 건조,맑음,교차로 - 교차로부근,승용,남,33세,상해없음,보행자,남,14세,중상
1756,2019041200100354,2019년 4월 12일 15시,금요일,충청북도 청주시 청원구 오창읍,중상사고,0,1,0,0,차대사람 - 횡단중,중앙선침범,포장 - 건조,맑음,단일로 - 기타,승용,남,67세,상해없음,보행자,남,65세,중상
1757,2019041200100356,2019년 4월 12일 15시,금요일,충청북도 충주시 동량면,경상사고,0,0,1,0,차대사람 - 횡단중,안전운전불이행,포장 - 건조,맑음,단일로 - 기타,승용,남,72세,상해없음,보행자,남,4세,경상
1758,2019041200100396,2019년 4월 12일 16시,금요일,충청북도 단양군 가곡면,중상사고,0,1,2,0,차대사람 - 횡단중,과속,포장 - 건조,맑음,기타 - 기타,승용,남,38세,경상,보행자,남,6세,중상
1759,2019041200100574,2019년 4월 12일 20시,금요일,충청북도 청주시 청원구 내덕동,중상사고,0,1,0,0,차대사람 - 횡단중,안전운전불이행,포장 - 건조,맑음,단일로 - 기타,승용,남,24세,상해없음,보행자,여,80세,중상