,사고번호,사고일시,요일,시군구,사고내용,사망자수,중상자수,경상자수,부상신고자수,사고유형,법규위반,노면상태,기상상태,도로형태,가해운전자 차종,가해운전자 성별,가해운전자 연령,가해운전자 상해정도,피해운전자 차종,피해운전자 성별,피해운전자 연령,피해운전자 상해정도
1872,2019051500100112,2019년 5월 15일 07시,수요일,충청북도 청주시 흥덕구 복대동,중상사고,0,1,0,0,차대사람 - 횡단중,안전운전불이행,포장 - 건조,맑음,교차로 - 교차로안,승용,여,43세,상해없음,보행자,남,41세,중상
1873,2019051500100502,2019년 5월 15일 17시,수요일,충청북도 충주시 지현동,경상사고,0,0,1,0,차대사람 - 기타,안전운전불이행,포장 - 건조,맑음,교차로 - 교차로안,승용,여,27세,상해없음,보행자,남,8세,경상
1874,2019051500100545,2019년 5월 15일 18시,수요일,충청북도 청주시 상당구 금천동,경상사고,0,0,1,0,차대사람 - 횡단중,안전운전불이행,포장 - 건조,맑음,단일로 - 기타,승용,여,61세,상해없음,보행자,여,17세,경상
1875,2019051500100629,2019년 5월 15일 20시,수요일,충청북도 충주시 금릉동,경상사고,0,0,1,0,차대사람 - 횡단중,보행자보호의무위반,포장 - 건조,맑음,교차로 - 교차로횡단보도내,승용,남,56세,상해없음,보행자,여,25세,경상
1876,2019051500100630,2019년 5월 15일 20시,수요일,충청북도 제천시 하소동,중상사고,0,1,0,0,차대사람 - 보도통행중,보행자보호의무위반,포장 - 건조,맑음,교차로 - 교차로횡단보도내,승용,여,35세,상해없음,보행자,남,66세,중상
1877,2019051600100390,2019년 5월 16일 14시,목요일,충청북도 충주시 칠금동,경상사고,0,0,1,0,차대사람 - 기타,보행자보호의무위반,포장 - 건조,맑음,단일로 - 기타,승용,여,36세,상해없음,보행자,여,10세,경상
1878,2019051600100611,2019년 5월 16일 19시,목요일,충청북도 청주시 청원구 내덕동,경상사고,0,0,1,0,차대사람 - 기타,안전운전불이행,포장 - 건조,맑음,교차로 - 교차로부근,승용,남,52세,상해없음,보행자,남,35세,경상
1879,2019051600100644,2019년 5월 16일 20시,목요일,충청북도 청주시 흥덕구 복대동,경상사고,0,0,1,0,차대사람 - 횡단중,보행자보호의무위반,포장 - 건조,맑음,교차로 - 교차로횡단보도내,승용,남,57세,상해없음,보행자,여,56세,경상
1880,2019051700100239,2019년 5월 17일 11시,금요일,충청북도 제천시 남천동,중상사고,0,1,0,0,차대사람 - 횡단중,보행자보호의무위반,포장 - 건조,맑음,기타 - 기타,승용,남,38세,상해없음,보행자,여,53세,중상
1881,2019051700100271,2019년 5월 17일 12시,금요일,충청북도 영동군 영동읍,중상사고,0,1,0,0,차대사람 - 횡단중,안전운전불이행,포장 - 건조,맑음,단일로 - 기타,화물,남,63세,상해없음,보행자,여,84세,중상
1882,2019051700100611,2019년 5월 17일 20시,금요일,충청북도 청주시 청원구 내덕동,중상사고,0,1,0,0,차대사람 - 기타,과속,포장 - 건조,맑음,단일로 - 기타,승용,남,28세,상해없음,보행자,남,56세,중상
1883,2019051700100679,2019년 5월 17일 22시,금요일,충청북도 증평군 증평읍,중상사고,0,1,0,0,차대사람 - 길가장자리구역통행중,안전운전불이행,포장 - 건조,맑음,단일로 - 기타,승용,남,49세,상해없음,보행자,남,76세,중상
1884,2019051800100232,2019년 5월 18일 10시,토요일,충청북도 단양군 매포읍,경상사고,0,0,1,0,차대사람 - 기타,안전운전불이행,포장 - 건조,맑음,단일로 - 기타,승합,남,37세,상해없음,보행자,남,73세,경상
1885,2019051800100308,2019년 5월 18일 12시,토요일,충청북도 제천시 의림동,중상사고,0,1,0,0,차대사람 - 횡단중,안전운전불이행,포장 - 젖음/습기,비,단일로 - 기타,화물,남,49세,상해없음,보행자,여,64세,중상
1886,2019051800100537,2019년 5월 18일 18시,토요일,충청북도 충주시 충의동,경상사고,0,0,1,0,차대사람 - 기타,안전운전불이행,포장 - 건조,맑음,기타 - 기타,승용,여,64세,상해없음,보행자,여,53세,경상
1887,2019051800100539,2019년 5월 18일 18시,토요일,충청북도 청주시 서원구 모충동,경상사고,0,0,2,0,차대사람 - 차도통행중,안전운전불이행,포장 - 건조,맑음,단일로 - 기타,이륜,남,38세,경상,보행자,남,84세,경상
1888,2019051800100576,2019년 5월 18일 19시,토요일,충청북도 청주시 상당구 용암동,경상사고,0,0,1,0,차대사람 - 기타,안전운전불이행,포장 - 건조,맑음,교차로 - 교차로부근,화물,남,44세,상해없음,보행자,여,63세,경상
1889,2019051800100608,2019년 5월 18일 20시,토요일,충청북도 청주시 상당구 용암동,경상사고,0,0,1,0,차대사람 - 차도통행중,안전운전불이행,포장 - 건조,맑음,단일로 - 기타,승합,남,46세,상해없음,보행자,남,57세,경상
1890,2019051900100218,2019년 5월 19일 12시,일요일,충청북도 제천시 장락동,중상사고,0,1,0,0,차대사람 - 횡단중,안전운전불이행,포장 - 건조,맑음,교차로 - 교차로횡단보도내,특수,남,48세,상해없음,보행자,여,80세,중상
1891,2019051900100343,2019년 5월 19일 16시,일요일,충청북도 영동군 영동읍,경상사고,0,0,1,0,차대사람 - 횡단중,안전운전불이행,포장 - 건조,흐림,교차로 - 교차로안,화물,남,63세,상해없음,보행자,남,69세,경상
1892,2019052000100039,2019년 5월 20일 01시,월요일,충청북도 음성군 대소면,부상신고사고,0,0,0,1,차대사람 - 길가장자리구역통행중,안전운전불이행,포장 - 건조,맑음,주차장 - 주차장,승용,남,47세,상해없음,보행자,여,24세,부상신고
1893,2019052000100084,2019년 5월 20일 07시,월요일,충청북도 청주시 서원구 사창동,경상사고,0,0,1,0,차대사람 - 횡단중,안전운전불이행,포장 - 건조,맑음,단일로 - 기타,승용,여,53세,상해없음,보행자,여,51세,경상
1894,2019052000100132,2019년 5월 20일 08시,월요일,충청북도 음성군 감곡면,경상사고,0,0,1,0,차대사람 - 횡단중,보행자보호의무위반,포장 - 건조,맑음,교차로 - 교차로안,화물,남,56세,상해없음,보행자,여,16세,경상
1895,2019052000100276,2019년 5월 20일 12시,월요일,충청북도 괴산군 연풍면,경상사고,0,0,1,0,차대사람 - 기타,안전운전불이행,포장 - 건조,맑음,단일로 - 기타,특수,남,60세,상해없음,보행자,여,41세,경상
1896,2019052000100345,2019년 5월 20일 14시,월요일,충청북도 청주시 상당구 남문로1가동,부상신고사고,0,0,0,1,차대사람 - 차도통행중,안전운전불이행,포장 - 건조,맑음,단일로 - 기타,승용,남,65세,상해없음,보행자,여,81세,부상신고
1897,2019052000100380,2019년 5월 20일 15시,월요일,충청북도 청주시 청원구 내수읍,중상사고,0,1,0,0,차대사람 - 기타,안전운전불이행,포장 - 건조,맑음,단일로 - 기타,승용,여,73세,상해없음,보행자,남,26세,중상
1898,2019052000100383,2019년 5월 20일 15시,월요일,충청북도 청주시 서원구 분평동,경상사고,0,0,2,0,차대사람 - 기타,안전운전불이행,포장 - 건조,맑음,단일로 - 지하차도(도로)내,자전거,남,13세,경상,보행자,남,7세,경상
1899,2019052000100545,2019년 5월 20일 18시,월요일,충청북도 제천시 강제동,중상사고,0,1,0,0,차대사람 - 횡단중,보행자보호의무위반,포장 - 건조,맑음,교차로 - 교차로횡단보도내,승용,남,50세,상해없음,보행자,여,20세,중상
1900,2019052000100649,2019년 5월 20일 21시,월요일,충청북도 청주시 청원구 오창읍,경상사고,0,0,1,0,차대사람 - 기타,안전운전불이행,포장 - 건조,맑음,교차로 - 교차로안,승용,남,61세,상해없음,보행자,여,59세,경상
1901,2019052100100047,2019년 5월 21일 00시,화요일,충청북도 청주시 상당구 남문로1가동,부상신고사고,0,0,0,1,차대사람 - 기타,안전운전불이행,포장 - 건조,맑음,단일로 - 지하차도(도로)내,기타불명,기타불명,미분류,기타불명,보행자,남,59세,부상신고
1902,2019052100100059,2019년 5월 21일 01시,화요일,충청북도 청주시 상당구 영운동,경상사고,0,0,1,0,차대사람 - 기타,안전운전불이행,포장 - 건조,맑음,단일로 - 지하차도(도로)내,승용,남,39세,상해없음,보행자,남,38세,경상
1903,2019052100100255,2019년 5월 21일 10시,화요일,충청북도 영동군 추풍령면,중상사고,0,1,1,0,차대사람 - 기타,안전운전불이행,포장 - 건조,맑음,기타 - 기타,승용,남,28세,경상,보행자,남,43세,중상
1904,2019052100100347,2019년 5월 21일 13시,화요일,충청북도 증평군 증평읍,중상사고,0,1,0,0,차대사람 - 차도통행중,안전운전불이행,포장 - 건조,맑음,단일로 - 기타,승합,남,44세,상해없음,보행자,남,67세,중상
1905,2019052100100502,2019년 5월 21일 17시,화요일,충청북도 청주시 서원구 모충동,경상사고,0,0,1,0,차대사람 - 기타,안전운전불이행,포장 - 건조,맑음,단일로 - 기타,승용,여,37세,상해없음,보행자,남,8세,경상
1906,2019052100100707,2019년 5월 21일 22시,화요일,충청북도 충주시 성남동,경상사고,0,0,1,0,차대사람 - 기타,안전운전불이행,포장 - 건조,맑음,기타 - 기타,화물,남,51세,상해없음,보행자,남,21세,경상
1907,2019052100100708,2019년 5월 21일 22시,화요일,충청북도 제천시 고암동,경상사고,0,0,1,0,차대사람 - 길가장자리구역통행중,안전운전불이행,포장 - 건조,맑음,교차로 - 교차로안,승용,여,63세,기타불명,보행자,남,26세,경상
1908,2019052100100710,2019년 5월 21일 22시,화요일,충청북도 청주시 상당구 금천동,경상사고,0,0,1,0,차대사람 - 기타,안전운전불이행,포장 - 건조,맑음,단일로 - 기타,승용,남,31세,상해없음,보행자,남,70세,경상
1909,2019052100100711,2019년 5월 21일 22시,화요일,충청북도 청주시 상당구 용담동,중상사고,0,1,0,0,차대사람 - 기타,중앙선침범,포장 - 건조,맑음,단일로 - 지하차도(도로)내,승용,남,61세,상해없음,보행자,여,17세,중상
1910,2019052200100345,2019년 5월 22일 13시,수요일,충청북도 음성군 금왕읍,중상사고,0,1,0,0,차대사람 - 횡단중,안전운전불이행,포장 - 건조,맑음,교차로 - 교차로안,승용,여,51세,상해없음,보행자,남,71세,중상
1911,2019052200100454,2019년 5월 22일 16시,수요일,충청북도 청주시 서원구 개신동,경상사고,0,0,1,0,차대사람 - 기타,안전운전불이행,포장 - 건조,맑음,기타 - 기타,이륜,남,25세,상해없음,보행자,남,25세,경상
1912,2019052200100507,2019년 5월 22일 17시,수요일,충청북도 청주시 상당구 용암동,중상사고,0,1,0,0,차대사람 - 횡단중,신호위반,포장 - 건조,맑음,교차로 - 교차로횡단보도내,이륜,남,53세,상해없음,보행자,남,8세,중상
1913,2019052300100159,2019년 5월 23일 08시,목요일,충청북도 제천시 고암동,경상사고,0,0,1,0,차대사람 - 차도통행중,기타,포장 - 건조,맑음,기타 - 기타,승용,남,43세,상해없음,보행자,남,7세,경상
1914,2019052300100223,2019년 5월 23일 10시,목요일,충청북도 제천시 영천동,부상신고사고,0,0,0,1,차대사람 - 횡단중,안전운전불이행,포장 - 건조,맑음,단일로 - 지하차도(도로)내,화물,남,57세,상해없음,보행자,남,10세,부상신고
1915,2019052300100224,2019년 5월 23일 10시,목요일,충청북도 영동군 영동읍,사망사고,1,0,0,0,차대사람 - 기타,기타,포장 - 건조,맑음,단일로 - 기타,승합,남,61세,상해없음,보행자,여,79세,사망
1916,2019052300100344,2019년 5월 23일 13시,목요일,충청북도 단양군 매포읍,중상사고,0,1,0,0,차대사람 - 기타,안전운전불이행,포장 - 건조,맑음,단일로 - 기타,화물,남,40세,상해없음,보행자,남,54세,중상
1917,2019052300100450,2019년 5월 23일 16시,목요일,충청북도 청주시 서원구 모충동,경상사고,0,0,1,0,차대사람 - 횡단중,신호위반,포장 - 건조,맑음,교차로 - 교차로횡단보도내,승용,여,48세,상해없음,보행자,여,62세,경상
1918,2019052300100481,2019년 5월 23일 17시,목요일,충청북도 증평군 증평읍,중상사고,0,1,0,0,차대사람 - 횡단중,안전운전불이행,포장 - 건조,맑음,단일로 - 기타,승용,여,29세,상해없음,보행자,여,79세,중상
1919,2019052300100532,2019년 5월 23일 18시,목요일,충청북도 청주시 서원구 사창동,경상사고,0,0,1,0,차대사람 - 기타,안전운전불이행,포장 - 건조,맑음,교차로 - 교차로안,화물,남,68세,상해없음,보행자,여,20세,경상
1920,2019052300100684,2019년 5월 23일 22시,목요일,충청북도 청주시 흥덕구 복대동,경상사고,0,0,1,0,차대사람 - 기타,안전운전불이행,포장 - 건조,맑음,교차로 - 교차로부근,승용,남,41세,상해없음,보행자,남,31세,경상
1921,2019052400100587,2019년 5월 24일 18시,금요일,충청북도 진천군 진천읍,중상사고,0,1,0,0,차대사람 - 기타,안전운전불이행,포장 - 건조,맑음,기타 - 기타,승용,남,37세,상해없음,보행자,남,3세,중상
1922,2019052400100641,2019년 5월 24일 19시,금요일,충청북도 영동군 영동읍,중상사고,0,1,0,0,차대사람 - 횡단중,안전운전불이행,포장 - 건조,맑음,단일로 - 기타,이륜,남,57세,상해없음,보행자,여,7세,중상
1923,2019052500100071,2019년 5월 25일 03시,토요일,충청북도 청주시 흥덕구 복대동,경상사고,0,0,2,0,차대사람 - 횡단중,보행자보호의무위반,포장 - 건조,맑음,교차로 - 교차로부근,승용,남,46세,상해없음,보행자,남,34세,경상
1924,2019052500100411,2019년 5월 25일 15시,토요일,충청북도 진천군 진천읍,중상사고,0,1,0,0,차대사람 - 기타,안전운전불이행,포장 - 건조,맑음,교차로 - 교차로부근,승용,남,46세,상해없음,보행자,남,8세,중상
1925,2019052500100448,2019년 5월 25일 16시,토요일,충청북도 음성군 금왕읍,경상사고,0,0,1,0,차대사람 - 횡단중,안전운전불이행,포장 - 건조,맑음,주차장 - 주차장,승용,남,52세,상해없음,보행자,남,6세,경상
1926,2019052500100489,2019년 5월 25일 17시,토요일,충청북도 진천군 진천읍,중상사고,0,1,1,0,차대사람 - 횡단중,안전운전불이행,포장 - 건조,맑음,교차로 - 교차로안,승용,여,51세,상해없음,보행자,여,14세,중상
1927,2019052500100589,2019년 5월 25일 20시,토요일,충청북도 청주시 서원구 남이면,중상사고,0,1,0,0,차대사람 - 횡단중,안전운전불이행,포장 - 건조,맑음,교차로 - 교차로횡단보도내,승용,여,34세,상해없음,보행자,남,72세,중상
1928,2019052500100660,2019년 5월 25일 22시,토요일,충청북도 청주시 흥덕구 복대동,중상사고,0,1,0,0,차대사람 - 횡단중,안전운전불이행,포장 - 건조,맑음,교차로 - 교차로안,승용,남,52세,상해없음,보행자,여,60세,중상
1929,2019052500100689,2019년 5월 25일 23시,토요일,충청북도 음성군 금왕읍,경상사고,0,0,1,0,차대사람 - 차도통행중,안전운전불이행,포장 - 건조,맑음,교차로 - 교차로부근,기타불명,기타불명,미분류,기타불명,보행자,남,47세,경상
1930,2019052500100690,2019년 5월 25일 23시,토요일,충청북도 청주시 상당구 금천동,경상사고,0,0,1,0,차대사람 - 기타,안전운전불이행,포장 - 건조,맑음,교차로 - 교차로부근,승용,여,50세,상해없음,보행자,남,58세,경상
1931,2019052600100026,2019년 5월 26일 00시,일요일,충청북도 청주시 흥덕구 옥산면,경상사고,0,0,1,0,차대사람 - 기타,기타,포장 - 건조,맑음,교차로 - 교차로부근,승용,남,56세,상해없음,보행자,남,50세,경상
1932,2019052600100156,2019년 5월 26일 10시,일요일,충청북도 영동군 영동읍,중상사고,0,1,0,0,차대사람 - 기타,안전운전불이행,포장 - 건조,맑음,단일로 - 기타,자전거,남,17세,상해없음,보행자,남,78세,중상
1933,2019052600100252,2019년 5월 26일 13시,일요일,충청북도 증평군 증평읍,중상사고,0,1,0,0,차대사람 - 차도통행중,안전운전불이행,포장 - 건조,맑음,단일로 - 기타,승용,남,63세,상해없음,보행자,여,67세,중상
1934,2019052700100035,2019년 5월 27일 01시,월요일,충청북도 청주시 서원구 사직동,경상사고,0,0,1,0,차대사람 - 차도통행중,안전운전불이행,포장 - 건조,흐림,교차로 - 교차로안,승용,남,74세,상해없음,보행자,남,51세,경상
1935,2019052700100279,2019년 5월 27일 11시,월요일,충청북도 제천시 청전동,중상사고,0,1,0,0,차대사람 - 횡단중,안전운전불이행,포장 - 젖음/습기,비,교차로 - 교차로안,승용,여,38세,상해없음,보행자,여,79세,중상
1936,2019052700100410,2019년 5월 27일 15시,월요일,충청북도 청주시 상당구 석교동,경상사고,0,0,1,0,차대사람 - 차도통행중,안전운전불이행,포장 - 젖음/습기,맑음,교차로 - 교차로부근,화물,남,41세,상해없음,보행자,남,64세,경상
1937,2019052700100476,2019년 5월 27일 17시,월요일,충청북도 청주시 상당구 북문로2가동,경상사고,0,0,1,0,차대사람 - 기타,안전운전불이행,포장 - 건조,맑음,단일로 - 기타,승용,남,71세,기타불명,보행자,여,18세,경상
1938,2019052700100577,2019년 5월 27일 20시,월요일,충청북도 충주시 대소원면,중상사고,0,1,0,0,차대사람 - 횡단중,안전운전불이행,포장 - 건조,맑음,교차로 - 교차로안,승용,남,59세,상해없음,보행자,남,34세,중상
1939,2019052800100633,2019년 5월 28일 19시,화요일,충청북도 청주시 청원구 내수읍,경상사고,0,0,1,0,차대사람 - 기타,기타,포장 - 건조,맑음,교차로 - 교차로안,승용,남,24세,기타불명,보행자,남,48세,경상
1940,2019052900100142,2019년 5월 29일 08시,수요일,충청북도 청주시 청원구 오창읍,중상사고,0,1,0,0,차대사람 - 횡단중,안전운전불이행,포장 - 건조,맑음,교차로 - 교차로안,승용,남,45세,상해없음,보행자,여,55세,중상
1941,2019052900100346,2019년 5월 29일 14시,수요일,충청북도 청주시 청원구 오창읍,중상사고,0,1,0,0,차대사람 - 기타,안전운전불이행,포장 - 건조,맑음,단일로 - 기타,승용,여,43세,상해없음,보행자,남,77세,중상
1942,2019052900100676,2019년 5월 29일 21시,수요일,충청북도 음성군 대소면,경상사고,0,0,1,0,차대사람 - 횡단중,보행자보호의무위반,포장 - 건조,맑음,교차로 - 교차로횡단보도내,승용,여,57세,상해없음,보행자,남,29세,경상
1943,2019053000100398,2019년 5월 30일 16시,목요일,충청북도 청주시 상당구 영동,경상사고,0,0,1,0,차대사람 - 기타,안전운전불이행,포장 - 건조,맑음,단일로 - 기타,승용,여,25세,기타불명,보행자,남,22세,경상
1944,2019053000100436,2019년 5월 30일 17시,목요일,충청북도 제천시 하소동,중상사고,0,1,0,0,차대사람 - 횡단중,안전운전불이행,포장 - 건조,맑음,단일로 - 기타,승용,여,60세,상해없음,보행자,여,75세,중상
1945,2019053000100519,2019년 5월 30일 19시,목요일,충청북도 충주시 연수동,중상사고,0,1,0,0,차대사람 - 횡단중,기타,포장 - 건조,맑음,단일로 - 기타,승합,남,49세,상해없음,보행자,여,79세,중상
1946,2019053000100520,2019년 5월 30일 19시,목요일,충청북도 제천시 봉양읍,경상사고,0,0,1,0,차대사람 - 기타,안전운전불이행,포장 - 건조,맑음,기타 - 기타,승용,여,47세,상해없음,보행자,남,8세,경상
1947,2019053000100522,2019년 5월 30일 19시,목요일,충청북도 청주시 흥덕구 복대동,경상사고,0,0,1,0,차대사람 - 횡단중,보행자보호의무위반,포장 - 건조,맑음,교차로 - 교차로횡단보도내,이륜,남,49세,상해없음,보행자,여,22세,경상
1948,2019053000100643,2019년 5월 30일 23시,목요일,충청북도 제천시 청전동,경상사고,0,0,1,0,차대사람 - 횡단중,신호위반,포장 - 젖음/습기,비,교차로 - 교차로횡단보도내,승용,남,57세,기타불명,보행자,남,43세,경상
1949,2019053100100037,2019년 5월 31일 00시,금요일,충청북도 청주시 서원구 사창동,경상사고,0,0,1,0,차대사람 - 횡단중,불법유턴,포장 - 건조,맑음,단일로 - 기타,승용,남,27세,상해없음,보행자,남,22세,경상
1950,2019053100100333,2019년 5월 31일 13시,금요일,충청북도 음성군 대소면,경상사고,0,0,1,0,차대사람 - 횡단중,보행자보호의무위반,포장 - 건조,맑음,교차로 - 교차로횡단보도내,승용,남,48세,상해없음,보행자,여,10세,경상
1951,2019053100100707,2019년 5월 31일 21시,금요일,충청북도 청주시 상당구 영동,경상사고,0,0,1,0,차대사람 - 기타,보행자보호의무위반,포장 - 건조,맑음,단일로 - 기타,승용,남,30세,상해없음,보행자,남,9세,경상
1952,2019053100100751,2019년 5월 31일 22시,금요일,충청북도 청주시 흥덕구 봉명동,중상사고,0,1,1,0,차대사람 - 횡단중,안전운전불이행,포장 - 건조,맑음,단일로 - 기타,이륜,남,41세,경상,보행자,남,71세,중상
1953,2019053100100786,2019년 5월 31일 23시,금요일,충청북도 제천시 청전동,경상사고,0,0,1,0,차대사람 - 보도통행중,기타,포장 - 건조,맑음,단일로 - 기타,이륜,남,18세,상해없음,보행자,남,28세,경상
1954,2019060100100301,2019년 6월 1일 13시,토요일,충청북도 보은군 수한면,중상사고,0,1,0,0,차대사람 - 횡단중,안전운전불이행,포장 - 건조,맑음,교차로 - 교차로안,승용,여,62세,상해없음,보행자,남,76세,중상
1955,2019060100100592,2019년 6월 1일 22시,토요일,충청북도 청주시 서원구 남이면,경상사고,0,0,1,0,차대사람 - 기타,안전운전불이행,포장 - 건조,맑음,단일로 - 기타,화물,남,49세,상해없음,보행자,남,43세,경상
1956,2019060100100623,2019년 6월 1일 23시,토요일,충청북도 청주시 서원구 사창동,경상사고,0,0,1,0,차대사람 - 보도통행중,안전운전불이행,포장 - 건조,맑음,단일로 - 기타,승용,남,27세,상해없음,보행자,여,23세,경상
1957,2019060200100239,2019년 6월 2일 14시,일요일,충청북도 청주시 흥덕구 신봉동,중상사고,0,1,0,0,차대사람 - 기타,안전운전불이행,포장 - 건조,맑음,교차로 - 교차로부근,승용,남,58세,상해없음,보행자,남,56세,중상
1958,2019060200100273,2019년 6월 2일 15시,일요일,충청북도 청주시 상당구 용암동,경상사고,0,0,1,0,차대사람 - 길가장자리구역통행중,안전운전불이행,포장 - 건조,맑음,기타 - 기타,자전거,남,7세,상해없음,보행자,남,89세,경상
1959,2019060300100143,2019년 6월 3일 08시,월요일,충청북도 충주시 봉방동,중상사고,0,1,0,0,차대사람 - 차도통행중,안전운전불이행,포장 - 건조,맑음,교차로 - 교차로부근,승용,여,56세,상해없음,보행자,여,67세,중상
1960,2019060300100391,2019년 6월 3일 15시,월요일,충청북도 충주시 대소원면,중상사고,0,1,0,0,차대사람 - 기타,안전운전불이행,포장 - 건조,맑음,교차로 - 교차로횡단보도내,승용,여,54세,상해없음,보행자,여,90세 이상,중상
1961,2019060300100460,2019년 6월 3일 17시,월요일,충청북도 제천시 강제동,경상사고,0,0,1,0,차대사람 - 횡단중,보행자보호의무위반,포장 - 건조,맑음,교차로 - 교차로횡단보도내,승용,여,43세,상해없음,보행자,여,9세,경상
1962,2019060400100533,2019년 6월 4일 18시,화요일,충청북도 충주시 봉방동,중상사고,0,1,0,0,차대사람 - 기타,보행자보호의무위반,포장 - 건조,맑음,교차로 - 교차로안,승합,남,53세,상해없음,보행자,여,44세,중상
1963,2019060400100637,2019년 6월 4일 21시,화요일,충청북도 제천시 장락동,중상사고,0,1,0,0,차대사람 - 횡단중,신호위반,포장 - 건조,흐림,교차로 - 교차로부근,승용,남,29세,상해없음,보행자,남,19세,중상
1964,2019060400100667,2019년 6월 4일 22시,화요일,충청북도 청주시 청원구 내수읍,경상사고,0,0,1,0,차대사람 - 기타,기타,포장 - 건조,맑음,단일로 - 기타,승합,남,48세,상해없음,보행자,여,17세,경상
1965,2019060500100133,2019년 6월 5일 08시,수요일,충청북도 제천시 장락동,중상사고,0,1,0,0,차대사람 - 기타,안전운전불이행,포장 - 건조,맑음,단일로 - 지하차도(도로)내,승용,남,30세,상해없음,보행자,남,49세,중상
1966,2019060500100439,2019년 6월 5일 16시,수요일,충청북도 옥천군 옥천읍,중상사고,0,1,0,0,차대사람 - 차도통행중,교차로운행방법위반,포장 - 건조,맑음,교차로 - 교차로안,화물,남,57세,상해없음,보행자,여,70세,중상
1967,2019060500100559,2019년 6월 5일 18시,수요일,충청북도 증평군 증평읍,경상사고,0,0,1,0,차대사람 - 길가장자리구역통행중,안전운전불이행,포장 - 건조,맑음,교차로 - 교차로안,승용,남,26세,상해없음,보행자,남,33세,경상
1968,2019060500100688,2019년 6월 5일 21시,수요일,충청북도 진천군 덕산면,사망사고,1,0,0,0,차대사람 - 길가장자리구역통행중,안전운전불이행,포장 - 건조,맑음,단일로 - 기타,승용,남,53세,상해없음,보행자,남,59세,사망
1969,2019060500100727,2019년 6월 5일 22시,수요일,충청북도 증평군 증평읍,경상사고,0,0,1,0,차대사람 - 횡단중,안전운전불이행,포장 - 건조,맑음,단일로 - 기타,승용,남,39세,상해없음,보행자,남,43세,경상
1970,2019060600100103,2019년 6월 6일 05시,목요일,충청북도 청주시 청원구 오창읍,경상사고,0,0,1,0,차대사람 - 기타,안전운전불이행,포장 - 건조,맑음,단일로 - 기타,승용,남,64세,상해없음,보행자,남,31세,경상
1971,2019060600100296,2019년 6월 6일 14시,목요일,충청북도 보은군 회인면,경상사고,0,0,1,0,차대사람 - 기타,안전운전불이행,포장 - 건조,흐림,단일로 - 지하차도(도로)내,이륜,남,34세,상해없음,보행자,여,26세,경상
1972,2019060600100464,2019년 6월 6일 19시,목요일,충청북도 충주시 교현동,경상사고,0,0,1,0,차대사람 - 횡단중,신호위반,포장 - 젖음/습기,비,교차로 - 교차로횡단보도내,승용,여,72세,상해없음,보행자,여,37세,경상
1973,2019060600100553,2019년 6월 6일 21시,목요일,충청북도 청주시 흥덕구 가경동,중상사고,0,1,0,0,차대사람 - 횡단중,안전운전불이행,포장 - 젖음/습기,비,단일로 - 기타,승용,여,53세,상해없음,보행자,남,47세,중상
1974,2019060700100609,2019년 6월 7일 21시,금요일,충청북도 청주시 서원구 성화동,경상사고,0,0,1,0,차대사람 - 기타,보행자보호의무위반,포장 - 건조,맑음,교차로 - 교차로횡단보도내,승용,남,54세,상해없음,보행자,여,4세,경상
1975,2019060800100435,2019년 6월 8일 16시,토요일,충청북도 보은군 탄부면,사망사고,1,0,0,0,차대사람 - 기타,안전운전불이행,포장 - 건조,맑음,교차로 - 교차로안,승용,남,74세,상해없음,보행자,남,72세,사망
1976,2019060800100437,2019년 6월 8일 16시,토요일,충청북도 청주시 상당구 남주동,부상신고사고,0,0,0,1,차대사람 - 기타,안전운전불이행,포장 - 건조,맑음,단일로 - 기타,승용,남,64세,상해없음,보행자,남,51세,부상신고
1977,2019061000100515,2019년 6월 10일 18시,월요일,충청북도 청주시 흥덕구 복대동,경상사고,0,0,1,0,차대사람 - 보도통행중,기타,포장 - 건조,맑음,기타 - 기타,승용,남,57세,상해없음,보행자,남,28세,경상
1978,2019061000100583,2019년 6월 10일 20시,월요일,충청북도 음성군 대소면,중상사고,0,1,0,0,차대사람 - 횡단중,보행자보호의무위반,포장 - 건조,맑음,교차로 - 교차로안,승용,남,49세,상해없음,보행자,남,52세,중상
1979,2019061100100082,2019년 6월 11일 06시,화요일,충청북도 청주시 흥덕구 복대동,경상사고,0,0,1,0,차대사람 - 기타,안전운전불이행,포장 - 건조,맑음,교차로 - 교차로안,승용,남,29세,상해없음,보행자,남,45세,경상
1980,2019061100100317,2019년 6월 11일 13시,화요일,충청북도 청주시 상당구 용암동,경상사고,0,0,1,0,차대사람 - 차도통행중,보행자보호의무위반,포장 - 건조,맑음,단일로 - 지하차도(도로)내,승용,남,36세,기타불명,보행자,남,6세,경상
1981,2019061100100353,2019년 6월 11일 14시,화요일,충청북도 증평군 증평읍,경상사고,0,0,1,0,차대사람 - 기타,안전운전불이행,포장 - 건조,맑음,교차로 - 교차로안,승합,남,75세,상해없음,보행자,남,32세,경상
1982,2019061100100447,2019년 6월 11일 17시,화요일,충청북도 제천시 남천동,경상사고,0,0,1,0,차대사람 - 기타,안전운전불이행,포장 - 건조,맑음,단일로 - 기타,승용,여,50세,상해없음,보행자,여,42세,경상
1983,2019061100100450,2019년 6월 11일 17시,화요일,충청북도 청주시 서원구 수곡동,중상사고,0,1,0,0,차대사람 - 차도통행중,안전운전불이행,포장 - 건조,맑음,단일로 - 기타,승용,남,67세,상해없음,보행자,여,68세,중상