,사고번호,사고일시,요일,시군구,사고내용,사망자수,중상자수,경상자수,부상신고자수,사고유형,법규위반,노면상태,기상상태,도로형태,가해운전자 차종,가해운전자 성별,가해운전자 연령,가해운전자 상해정도,피해운전자 차종,피해운전자 성별,피해운전자 연령,피해운전자 상해정도
2095,2019071000100115,2019년 7월 10일 08시,수요일,충청북도 옥천군 옥천읍,경상사고,0,0,1,0,차대사람 - 횡단중,안전운전불이행,포장 - 건조,맑음,교차로 - 교차로부근,승용,남,41세,상해없음,보행자,남,6세,경상
2096,2019071100100399,2019년 7월 11일 16시,목요일,충청북도 청주시 청원구 율량동,경상사고,0,0,1,0,차대사람 - 차도통행중,안전운전불이행,포장 - 건조,맑음,단일로 - 기타,승용,여,47세,상해없음,보행자,남,12세,경상
2097,2019071200100257,2019년 7월 12일 11시,금요일,충청북도 청주시 상당구 탑동,경상사고,0,0,1,0,차대사람 - 횡단중,보행자보호의무위반,포장 - 건조,맑음,단일로 - 지하차도(도로)내,승용,남,28세,상해없음,보행자,남,49세,경상
2098,2019071200100441,2019년 7월 12일 16시,금요일,충청북도 청주시 흥덕구 복대동,경상사고,0,0,1,0,차대사람 - 기타,안전운전불이행,포장 - 건조,맑음,교차로 - 교차로횡단보도내,승용,남,38세,상해없음,보행자,남,36세,경상
2099,2019071200100637,2019년 7월 12일 20시,금요일,충청북도 증평군 증평읍,경상사고,0,0,1,0,차대사람 - 차도통행중,안전운전불이행,포장 - 건조,맑음,단일로 - 기타,승용,여,38세,상해없음,보행자,여,16세,경상
2100,2019071200100720,2019년 7월 12일 23시,금요일,충청북도 진천군 진천읍,부상신고사고,0,0,0,1,차대사람 - 길가장자리구역통행중,안전운전불이행,포장 - 건조,맑음,단일로 - 기타,자전거,남,35세,상해없음,보행자,여,67세,부상신고
2101,2019071300100428,2019년 7월 13일 17시,토요일,충청북도 음성군 금왕읍,부상신고사고,0,0,0,1,차대사람 - 횡단중,안전운전불이행,포장 - 건조,맑음,단일로 - 기타,기타불명,기타불명,미분류,기타불명,보행자,남,80세,부상신고
2102,2019071300100508,2019년 7월 13일 19시,토요일,충청북도 청주시 서원구 수곡동,경상사고,0,0,1,0,차대사람 - 길가장자리구역통행중,안전운전불이행,포장 - 건조,맑음,단일로 - 지하차도(도로)내,화물,남,60세,상해없음,보행자,남,26세,경상
2103,2019071400100073,2019년 7월 14일 04시,일요일,충청북도 청주시 청원구 주중동,중상사고,0,1,0,0,차대사람 - 기타,안전운전불이행,포장 - 건조,맑음,단일로 - 기타,승용,남,50세,상해없음,보행자,남,43세,중상
2104,2019071400100170,2019년 7월 14일 11시,일요일,충청북도 보은군 보은읍,경상사고,0,0,1,0,차대사람 - 길가장자리구역통행중,안전운전불이행,포장 - 건조,맑음,단일로 - 기타,승용,여,63세,상해없음,보행자,여,12세,경상
2105,2019071400100171,2019년 7월 14일 11시,일요일,충청북도 음성군 금왕읍,경상사고,0,0,1,0,차대사람 - 기타,안전운전불이행,포장 - 건조,맑음,단일로 - 기타,기타불명,기타불명,미분류,기타불명,보행자,남,41세,경상
2106,2019071400100294,2019년 7월 14일 15시,일요일,충청북도 충주시 교현동,중상사고,0,1,0,0,차대사람 - 보도통행중,보행자보호의무위반,포장 - 건조,맑음,교차로 - 교차로안,승용,남,42세,상해없음,보행자,남,27세,중상
2107,2019071500100032,2019년 7월 15일 02시,월요일,충청북도 청주시 흥덕구 복대동,경상사고,0,0,1,0,차대사람 - 횡단중,안전운전불이행,포장 - 건조,맑음,기타 - 기타,승용,남,33세,상해없음,보행자,남,31세,경상
2108,2019071500100254,2019년 7월 15일 13시,월요일,충청북도 청주시 서원구 분평동,중상사고,0,1,0,0,차대사람 - 기타,기타,포장 - 건조,맑음,단일로 - 기타,승용,남,42세,상해없음,보행자,여,56세,중상
2109,2019071500100350,2019년 7월 15일 15시,월요일,충청북도 옥천군 옥천읍,경상사고,0,0,1,0,차대사람 - 횡단중,보행자보호의무위반,포장 - 젖음/습기,비,교차로 - 교차로안,화물,남,47세,상해없음,보행자,여,73세,경상
2110,2019071500100492,2019년 7월 15일 18시,월요일,충청북도 진천군 진천읍,경상사고,0,0,1,0,차대사람 - 기타,안전운전불이행,포장 - 건조,맑음,단일로 - 기타,승용,남,34세,상해없음,보행자,남,28세,경상
2111,2019071600100267,2019년 7월 16일 13시,화요일,충청북도 괴산군 불정면,중상사고,0,1,0,0,차대사람 - 기타,안전운전불이행,포장 - 건조,맑음,단일로 - 기타,화물,남,54세,상해없음,보행자,여,69세,중상
2112,2019071600100301,2019년 7월 16일 14시,화요일,충청북도 음성군 금왕읍,중상사고,0,1,0,0,차대사람 - 횡단중,안전운전불이행,포장 - 건조,맑음,교차로 - 교차로안,승용,남,59세,상해없음,보행자,여,60세,중상
2113,2019071600100341,2019년 7월 16일 15시,화요일,충청북도 청주시 청원구 내덕동,경상사고,0,0,1,0,차대사람 - 횡단중,안전운전불이행,포장 - 건조,맑음,단일로 - 기타,승용,남,25세,상해없음,보행자,여,43세,경상
2114,2019071600100342,2019년 7월 16일 15시,화요일,충청북도 제천시 하소동,경상사고,0,0,1,0,차대사람 - 차도통행중,안전운전불이행,포장 - 건조,맑음,주차장 - 주차장,승용,남,49세,상해없음,보행자,여,72세,경상
2115,2019071600100482,2019년 7월 16일 18시,화요일,충청북도 청주시 청원구 우암동,부상신고사고,0,0,0,1,차대사람 - 기타,안전운전불이행,포장 - 젖음/습기,비,단일로 - 기타,기타불명,기타불명,미분류,기타불명,보행자,남,21세,부상신고
2116,2019071700100443,2019년 7월 17일 17시,수요일,충청북도 청주시 흥덕구 복대동,사망사고,1,0,0,0,차대사람 - 횡단중,안전운전불이행,포장 - 건조,맑음,단일로 - 지하차도(도로)내,승용,여,37세,상해없음,보행자,여,87세,사망
2117,2019071800100043,2019년 7월 18일 03시,목요일,충청북도 청주시 흥덕구 신봉동,경상사고,0,0,1,0,차대사람 - 기타,기타,포장 - 건조,맑음,단일로 - 기타,승용,남,42세,상해없음,보행자,남,17세,경상
2118,2019071800100216,2019년 7월 18일 11시,목요일,충청북도 음성군 금왕읍,중상사고,0,1,0,0,차대사람 - 기타,안전운전불이행,포장 - 건조,맑음,교차로 - 교차로안,승합,남,39세,상해없음,보행자,여,55세,중상
2119,2019071800100242,2019년 7월 18일 12시,목요일,충청북도 청주시 청원구 오창읍,경상사고,0,0,1,0,차대사람 - 횡단중,신호위반,포장 - 건조,맑음,교차로 - 교차로횡단보도내,승용,남,27세,상해없음,보행자,남,7세,경상
2120,2019071800100533,2019년 7월 18일 20시,목요일,충청북도 청주시 서원구 사창동,중상사고,0,1,0,0,차대사람 - 기타,안전운전불이행,포장 - 건조,맑음,교차로 - 교차로부근,승용,남,58세,상해없음,보행자,남,38세,중상
2121,2019071800100618,2019년 7월 18일 23시,목요일,충청북도 청주시 흥덕구 복대동,중상사고,0,1,0,0,차대사람 - 횡단중,신호위반,포장 - 건조,맑음,교차로 - 교차로안,화물,남,56세,상해없음,보행자,남,53세,중상
2122,2019071900100153,2019년 7월 19일 08시,금요일,충청북도 충주시 교현동,중상사고,0,1,0,0,차대사람 - 횡단중,안전운전불이행,포장 - 건조,맑음,단일로 - 기타,승용,남,59세,상해없음,보행자,여,73세,중상
2123,2019071900100389,2019년 7월 19일 14시,금요일,충청북도 청주시 청원구 내덕동,중상사고,0,1,0,0,차대사람 - 보도통행중,보행자보호의무위반,포장 - 젖음/습기,비,교차로 - 교차로횡단보도내,승용,남,69세,상해없음,보행자,여,62세,중상
2124,2019071900100667,2019년 7월 19일 21시,금요일,충청북도 청주시 서원구 성화동,경상사고,0,0,1,0,차대사람 - 기타,보행자보호의무위반,포장 - 건조,맑음,단일로 - 기타,승용,여,39세,상해없음,보행자,남,7세,경상
2125,2019072000100210,2019년 7월 20일 11시,토요일,충청북도 제천시 장락동,중상사고,0,1,0,0,차대사람 - 횡단중,보행자보호의무위반,포장 - 젖음/습기,비,교차로 - 교차로안,화물,남,77세,상해없음,보행자,여,58세,중상
2126,2019072100100084,2019년 7월 21일 03시,일요일,충청북도 청주시 청원구 우암동,경상사고,0,0,1,0,차대사람 - 차도통행중,안전운전불이행,포장 - 젖음/습기,비,교차로 - 교차로안,기타불명,기타불명,미분류,기타불명,보행자,남,28세,경상
2127,2019072100100265,2019년 7월 21일 14시,일요일,충청북도 청주시 상당구 산성동,경상사고,0,0,1,0,차대사람 - 횡단중,중앙선침범,포장 - 건조,맑음,단일로 - 기타,승용,여,32세,상해없음,보행자,여,7세,경상
2128,2019072100100463,2019년 7월 21일 21시,일요일,충청북도 충주시 산척면,중상사고,0,1,0,0,차대사람 - 횡단중,안전운전불이행,포장 - 건조,흐림,단일로 - 기타,승용,남,33세,상해없음,보행자,남,63세,중상
2129,2019072200100081,2019년 7월 22일 06시,월요일,충청북도 청주시 청원구 우암동,경상사고,0,0,2,0,차대사람 - 기타,안전운전불이행,포장 - 건조,맑음,교차로 - 교차로안,이륜,남,71세,경상,보행자,여,53세,경상
2130,2019072200100174,2019년 7월 22일 09시,월요일,충청북도 청주시 상당구 남일면,중상사고,0,1,0,0,차대사람 - 횡단중,신호위반,포장 - 건조,맑음,교차로 - 교차로횡단보도내,화물,남,74세,상해없음,보행자,여,14세,중상
2131,2019072200100204,2019년 7월 22일 10시,월요일,충청북도 제천시 명동,중상사고,0,1,0,0,차대사람 - 차도통행중,안전운전불이행,포장 - 건조,맑음,교차로 - 교차로부근,승용,남,53세,상해없음,보행자,여,82세,중상
2132,2019072200100326,2019년 7월 22일 13시,월요일,충청북도 충주시 문화동,중상사고,0,1,0,0,차대사람 - 기타,보행자보호의무위반,포장 - 건조,맑음,교차로 - 교차로안,승용,남,61세,상해없음,보행자,여,67세,중상
2133,2019072300100127,2019년 7월 23일 08시,화요일,충청북도 청주시 청원구 오창읍,경상사고,0,0,1,0,차대사람 - 횡단중,보행자보호의무위반,포장 - 건조,맑음,단일로 - 기타,승용,여,22세,상해없음,보행자,여,6세,경상
2134,2019072300100128,2019년 7월 23일 08시,화요일,충청북도 괴산군 칠성면,중상사고,0,1,0,0,차대사람 - 기타,안전운전불이행,포장 - 건조,맑음,단일로 - 기타,화물,남,58세,상해없음,보행자,여,59세,중상
2135,2019072300100303,2019년 7월 23일 13시,화요일,충청북도 청주시 상당구 서문동,중상사고,0,1,0,0,차대사람 - 기타,안전운전불이행,포장 - 건조,맑음,단일로 - 기타,승용,여,39세,상해없음,보행자,남,20세,중상
2136,2019072300100558,2019년 7월 23일 19시,화요일,충청북도 영동군 영동읍,중상사고,0,1,0,0,차대사람 - 보도통행중,기타,포장 - 건조,맑음,기타 - 기타,자전거,남,11세,상해없음,보행자,여,51세,중상
2137,2019072300100598,2019년 7월 23일 20시,화요일,충청북도 충주시 연수동,경상사고,0,0,1,0,차대사람 - 차도통행중,안전운전불이행,포장 - 건조,맑음,교차로 - 교차로부근,승용,남,27세,상해없음,보행자,여,24세,경상
2138,2019072300100648,2019년 7월 23일 22시,화요일,충청북도 진천군 진천읍,경상사고,0,0,1,0,차대사람 - 기타,안전운전불이행,포장 - 건조,맑음,단일로 - 기타,승용,남,54세,상해없음,보행자,남,26세,경상
2139,2019072400100122,2019년 7월 24일 08시,수요일,충청북도 청주시 흥덕구 송정동,경상사고,0,0,1,0,차대사람 - 차도통행중,안전운전불이행,포장 - 건조,맑음,단일로 - 기타,승용,남,28세,상해없음,보행자,남,27세,경상
2140,2019072400100194,2019년 7월 24일 10시,수요일,충청북도 청주시 청원구 우암동,경상사고,0,0,1,0,차대사람 - 기타,안전운전불이행,포장 - 건조,맑음,단일로 - 기타,승합,남,56세,상해없음,보행자,여,24세,경상
2141,2019072400100265,2019년 7월 24일 12시,수요일,충청북도 진천군 진천읍,중상사고,0,1,0,0,차대사람 - 횡단중,안전운전불이행,포장 - 건조,맑음,단일로 - 기타,승용,여,44세,상해없음,보행자,여,58세,중상
2142,2019072400100380,2019년 7월 24일 15시,수요일,충청북도 청주시 서원구 남이면,경상사고,0,0,1,0,차대사람 - 횡단중,안전운전불이행,포장 - 건조,맑음,단일로 - 기타,화물,남,46세,상해없음,보행자,남,37세,경상
2143,2019072400100476,2019년 7월 24일 17시,수요일,충청북도 충주시 연수동,경상사고,0,0,1,0,차대사람 - 횡단중,보행자보호의무위반,포장 - 건조,흐림,교차로 - 교차로횡단보도내,승용,남,49세,상해없음,보행자,여,19세,경상
2144,2019072400100477,2019년 7월 24일 17시,수요일,충청북도 청주시 흥덕구 봉명동,중상사고,0,1,0,0,차대사람 - 횡단중,안전운전불이행,포장 - 건조,맑음,교차로 - 교차로부근,승합,여,43세,상해없음,보행자,여,13세,중상
2145,2019072400100605,2019년 7월 24일 20시,수요일,충청북도 청주시 상당구 용암동,경상사고,0,0,1,0,차대사람 - 횡단중,안전운전불이행,포장 - 건조,맑음,교차로 - 교차로안,승용,남,48세,상해없음,보행자,여,1세,경상
2146,2019072500100476,2019년 7월 25일 18시,목요일,충청북도 충주시 문화동,경상사고,0,0,1,0,차대사람 - 차도통행중,안전운전불이행,포장 - 젖음/습기,비,단일로 - 기타,화물,남,61세,상해없음,보행자,남,53세,경상
2147,2019072500100551,2019년 7월 25일 20시,목요일,충청북도 보은군 보은읍,중상사고,0,1,0,0,차대사람 - 횡단중,보행자보호의무위반,포장 - 젖음/습기,비,교차로 - 교차로횡단보도내,승용,남,30세,상해없음,보행자,여,55세,중상
2148,2019072600100464,2019년 7월 26일 18시,금요일,충청북도 괴산군 괴산읍,경상사고,0,0,1,0,차대사람 - 차도통행중,안전운전불이행,포장 - 건조,맑음,단일로 - 기타,승용,여,56세,상해없음,보행자,남,55세,경상
2149,2019072700100425,2019년 7월 27일 16시,토요일,충청북도 청주시 서원구 수곡동,경상사고,0,0,1,0,차대사람 - 횡단중,안전운전불이행,포장 - 건조,맑음,단일로 - 기타,이륜,남,23세,상해없음,보행자,여,83세,경상
2150,2019072700100529,2019년 7월 27일 19시,토요일,충청북도 청주시 청원구 주성동,중상사고,0,1,0,0,차대사람 - 기타,기타,포장 - 젖음/습기,맑음,기타 - 기타,이륜,남,33세,상해없음,보행자,여,26세,중상
2151,2019072700100598,2019년 7월 27일 21시,토요일,충청북도 보은군 보은읍,중상사고,0,1,0,0,차대사람 - 기타,안전운전불이행,포장 - 건조,맑음,교차로 - 교차로안,승용,남,36세,기타불명,보행자,남,62세,중상
2152,2019072700100599,2019년 7월 27일 21시,토요일,충청북도 옥천군 옥천읍,경상사고,0,0,2,0,차대사람 - 횡단중,보행자보호의무위반,포장 - 젖음/습기,비,교차로 - 교차로부근,승용,남,47세,상해없음,보행자,여,25세,경상
2153,2019072800100041,2019년 7월 28일 01시,일요일,충청북도 충주시 연수동,경상사고,0,0,1,0,차대사람 - 차도통행중,안전운전불이행,포장 - 건조,맑음,단일로 - 기타,승용,남,22세,상해없음,보행자,남,24세,경상
2154,2019072900100470,2019년 7월 29일 17시,월요일,충청북도 청주시 상당구 북문로1가동,경상사고,0,0,1,0,차대사람 - 차도통행중,안전거리미확보,포장 - 건조,맑음,단일로 - 지하차도(도로)내,이륜,남,49세,상해없음,보행자,남,34세,경상
2155,2019072900100513,2019년 7월 29일 18시,월요일,충청북도 제천시 고암동,중상사고,0,1,0,0,차대사람 - 기타,안전운전불이행,포장 - 건조,맑음,주차장 - 주차장,승용,남,66세,상해없음,보행자,여,6세,중상
2156,2019072900100568,2019년 7월 29일 19시,월요일,충청북도 충주시 칠금동,중상사고,0,1,0,0,차대사람 - 보도통행중,보행자보호의무위반,포장 - 건조,맑음,기타 - 기타,승용,남,63세,상해없음,보행자,여,83세,중상
2157,2019072900100626,2019년 7월 29일 21시,월요일,충청북도 청주시 흥덕구 향정동,경상사고,0,0,1,0,차대사람 - 횡단중,보행자보호의무위반,포장 - 건조,맑음,교차로 - 교차로횡단보도내,승용,남,47세,상해없음,보행자,남,26세,경상
2158,2019073000100482,2019년 7월 30일 17시,화요일,충청북도 충주시 용산동,중상사고,0,1,0,0,차대사람 - 기타,안전운전불이행,포장 - 건조,맑음,기타 - 기타,승용,남,54세,상해없음,보행자,여,71세,중상
2159,2019073000100626,2019년 7월 30일 21시,화요일,충청북도 청주시 흥덕구 봉명동,경상사고,0,0,1,0,차대사람 - 기타,불법유턴,포장 - 건조,맑음,교차로 - 교차로안,승용,남,63세,상해없음,보행자,여,21세,경상
2160,2019073100100159,2019년 7월 31일 09시,수요일,충청북도 청주시 흥덕구 복대동,중상사고,0,1,0,0,차대사람 - 횡단중,보행자보호의무위반,포장 - 건조,맑음,교차로 - 교차로횡단보도내,승용,남,19세,상해없음,보행자,여,40세,중상
2161,2019073100100401,2019년 7월 31일 16시,수요일,충청북도 괴산군 청천면,중상사고,0,1,0,0,차대사람 - 기타,안전운전불이행,포장 - 건조,맑음,교차로 - 교차로안,화물,남,53세,상해없음,보행자,여,84세,중상
2162,2019073100100536,2019년 7월 31일 19시,수요일,충청북도 옥천군 옥천읍,중상사고,0,1,0,0,차대사람 - 횡단중,교차로운행방법위반,포장 - 건조,맑음,교차로 - 교차로안,화물,남,49세,상해없음,보행자,여,86세,중상
2163,2019073100100678,2019년 7월 31일 23시,수요일,충청북도 음성군 음성읍,중상사고,0,1,0,0,차대사람 - 차도통행중,안전운전불이행,포장 - 건조,맑음,단일로 - 기타,승용,남,34세,상해없음,보행자,남,22세,중상
2164,2019080200100075,2019년 8월 2일 05시,금요일,충청북도 충주시 살미면,사망사고,1,0,0,0,차대사람 - 기타,안전운전불이행,포장 - 건조,맑음,기타 - 기타,승용,남,48세,상해없음,보행자,여,65세,사망
2165,2019080200100118,2019년 8월 2일 08시,금요일,충청북도 영동군 용산면,경상사고,0,0,1,0,차대사람 - 기타,안전운전불이행,포장 - 건조,맑음,교차로 - 교차로안,승용,여,56세,상해없음,보행자,남,41세,경상
2166,2019080300100061,2019년 8월 3일 03시,토요일,충청북도 음성군 대소면,중상사고,0,1,0,0,차대사람 - 기타,안전운전불이행,포장 - 건조,맑음,주차장 - 주차장,승용,남,56세,상해없음,보행자,남,55세,중상
2167,2019080300100236,2019년 8월 3일 12시,토요일,충청북도 청주시 흥덕구 복대동,경상사고,0,0,1,0,차대사람 - 보도통행중,신호위반,포장 - 건조,맑음,교차로 - 교차로횡단보도내,승용,남,34세,상해없음,보행자,남,35세,경상
2168,2019080300100298,2019년 8월 3일 14시,토요일,충청북도 단양군 단양읍,경상사고,0,0,1,0,차대사람 - 기타,안전운전불이행,포장 - 건조,맑음,단일로 - 기타,승용,여,44세,상해없음,보행자,남,22세,경상
2169,2019080300100507,2019년 8월 3일 21시,토요일,충청북도 청주시 상당구 문화동,중상사고,0,1,0,0,차대사람 - 기타,안전거리미확보,포장 - 건조,맑음,교차로 - 교차로부근,승합,남,66세,상해없음,보행자,여,57세,중상
2170,2019080400100068,2019년 8월 4일 03시,일요일,충청북도 청주시 흥덕구 복대동,중상사고,0,1,0,0,차대사람 - 횡단중,안전운전불이행,포장 - 건조,맑음,교차로 - 교차로부근,승용,남,60세,상해없음,보행자,여,75세,중상
2171,2019080400100155,2019년 8월 4일 10시,일요일,충청북도 청주시 상당구 미원면,경상사고,0,0,1,0,차대사람 - 기타,안전운전불이행,포장 - 건조,맑음,단일로 - 지하차도(도로)내,승용,남,82세,상해없음,보행자,여,60세,경상
2172,2019080400100210,2019년 8월 4일 12시,일요일,충청북도 청주시 서원구 수곡동,경상사고,0,0,1,0,차대사람 - 기타,안전운전불이행,포장 - 건조,맑음,단일로 - 지하차도(도로)내,승용,여,59세,상해없음,보행자,남,48세,경상
2173,2019080400100272,2019년 8월 4일 14시,일요일,충청북도 괴산군 괴산읍,경상사고,0,0,1,0,차대사람 - 횡단중,보행자보호의무위반,포장 - 건조,맑음,교차로 - 교차로안,화물,남,64세,상해없음,보행자,여,20세,경상
2174,2019080400100303,2019년 8월 4일 15시,일요일,충청북도 제천시 강제동,사망사고,1,0,1,0,차대사람 - 차도통행중,안전운전불이행,포장 - 건조,맑음,단일로 - 지하차도(도로)내,이륜,남,33세,경상,보행자,남,75세,사망
2175,2019080400100361,2019년 8월 4일 17시,일요일,충청북도 괴산군 괴산읍,경상사고,0,0,1,0,차대사람 - 길가장자리구역통행중,안전운전불이행,포장 - 건조,맑음,단일로 - 기타,승합,남,21세,상해없음,보행자,남,51세,경상
2176,2019080500100228,2019년 8월 5일 11시,월요일,충청북도 청주시 흥덕구 운천동,중상사고,0,1,0,0,차대사람 - 횡단중,신호위반,포장 - 건조,맑음,교차로 - 교차로횡단보도내,승용,남,28세,상해없음,보행자,남,52세,중상
2177,2019080500100277,2019년 8월 5일 12시,월요일,충청북도 진천군 광혜원면,경상사고,0,0,1,0,차대사람 - 횡단중,안전운전불이행,포장 - 건조,맑음,교차로 - 교차로부근,이륜,여,55세,상해없음,보행자,남,8세,경상
2178,2019080500100278,2019년 8월 5일 12시,월요일,충청북도 청주시 서원구 모충동,경상사고,0,0,1,0,차대사람 - 기타,안전운전불이행,포장 - 건조,맑음,단일로 - 기타,승용,남,81세,상해없음,보행자,남,30세,경상
2179,2019080500100486,2019년 8월 5일 17시,월요일,충청북도 청주시 상당구 금천동,중상사고,0,1,0,0,차대사람 - 차도통행중,안전운전불이행,포장 - 건조,맑음,단일로 - 지하차도(도로)내,승합,남,72세,상해없음,보행자,여,64세,중상
2180,2019080600100193,2019년 8월 6일 10시,화요일,충청북도 제천시 장락동,중상사고,0,1,0,0,차대사람 - 횡단중,안전운전불이행,포장 - 건조,맑음,교차로 - 교차로횡단보도내,화물,남,30세,상해없음,보행자,여,69세,중상
2181,2019080600100579,2019년 8월 6일 20시,화요일,충청북도 청주시 흥덕구 봉명동,부상신고사고,0,0,0,1,차대사람 - 기타,안전운전불이행,포장 - 건조,맑음,단일로 - 지하차도(도로)내,승합,남,59세,상해없음,보행자,남,66세,부상신고
2182,2019080700100128,2019년 8월 7일 08시,수요일,충청북도 청주시 서원구 사직동,경상사고,0,0,1,0,차대사람 - 횡단중,보행자보호의무위반,포장 - 건조,맑음,단일로 - 기타,승용,남,35세,상해없음,보행자,여,64세,경상
2183,2019080700100222,2019년 8월 7일 11시,수요일,충청북도 옥천군 옥천읍,중상사고,0,1,0,0,차대사람 - 차도통행중,안전운전불이행,포장 - 건조,맑음,단일로 - 기타,화물,남,77세,상해없음,보행자,남,46세,중상
2184,2019080700100223,2019년 8월 7일 11시,수요일,충청북도 청주시 흥덕구 봉명동,중상사고,0,1,0,0,차대사람 - 횡단중,신호위반,포장 - 건조,맑음,교차로 - 교차로횡단보도내,승용,여,29세,상해없음,보행자,여,26세,중상
2185,2019080700100303,2019년 8월 7일 13시,수요일,충청북도 제천시 중앙로2가,중상사고,0,1,0,0,차대사람 - 횡단중,안전운전불이행,포장 - 건조,맑음,기타 - 기타,승용,남,66세,상해없음,보행자,여,62세,중상
2186,2019080700100381,2019년 8월 7일 15시,수요일,충청북도 제천시 장락동,경상사고,0,0,1,0,차대사람 - 보도통행중,보행자보호의무위반,포장 - 건조,맑음,교차로 - 교차로부근,승용,여,61세,상해없음,보행자,여,7세,경상
2187,2019080700100519,2019년 8월 7일 18시,수요일,충청북도 청주시 서원구 사창동,중상사고,0,1,0,0,차대사람 - 길가장자리구역통행중,안전운전불이행,포장 - 건조,맑음,단일로 - 기타,승용,여,37세,상해없음,보행자,남,73세,중상
2188,2019080800100090,2019년 8월 8일 07시,목요일,충청북도 제천시 화산동,경상사고,0,0,1,0,차대사람 - 기타,안전운전불이행,포장 - 건조,맑음,기타 - 기타,승용,남,68세,상해없음,보행자,남,58세,경상
2189,2019080800100153,2019년 8월 8일 09시,목요일,충청북도 영동군 영동읍,중상사고,0,1,0,0,차대사람 - 횡단중,보행자보호의무위반,포장 - 건조,맑음,단일로 - 기타,승용,여,52세,상해없음,보행자,여,63세,중상
2190,2019080800100154,2019년 8월 8일 09시,목요일,충청북도 청주시 상당구 용암동,중상사고,0,1,0,0,차대사람 - 횡단중,보행자보호의무위반,포장 - 건조,맑음,교차로 - 교차로횡단보도내,승용,여,43세,상해없음,보행자,여,71세,중상
2191,2019080800100281,2019년 8월 8일 12시,목요일,충청북도 청주시 흥덕구 운천동,경상사고,0,0,1,0,차대사람 - 횡단중,안전운전불이행,포장 - 건조,맑음,교차로 - 교차로안,화물,남,57세,상해없음,보행자,여,9세,경상
2192,2019080800100595,2019년 8월 8일 21시,목요일,충청북도 청주시 청원구 사천동,중상사고,0,1,0,0,차대사람 - 기타,중앙선침범,포장 - 젖음/습기,흐림,교차로 - 교차로부근,승용,여,54세,상해없음,보행자,남,46세,중상
2193,2019080900100415,2019년 8월 9일 15시,금요일,충청북도 청주시 서원구 사창동,중상사고,0,1,0,0,차대사람 - 횡단중,보행자보호의무위반,포장 - 건조,맑음,단일로 - 기타,승용,여,53세,상해없음,보행자,여,17세,중상
2194,2019080900100416,2019년 8월 9일 15시,금요일,충청북도 청주시 서원구 분평동,경상사고,0,0,1,0,차대사람 - 횡단중,보행자보호의무위반,포장 - 건조,맑음,단일로 - 지하차도(도로)내,승용,여,45세,상해없음,보행자,여,7세,경상
2195,2019080900100558,2019년 8월 9일 18시,금요일,충청북도 청주시 흥덕구 가경동,중상사고,0,1,0,0,차대사람 - 길가장자리구역통행중,안전운전불이행,포장 - 건조,맑음,단일로 - 기타,승용,남,34세,상해없음,보행자,남,56세,중상
2196,2019080900100708,2019년 8월 9일 22시,금요일,충청북도 충주시 연수동,경상사고,0,0,2,0,차대사람 - 보도통행중,신호위반,포장 - 건조,맑음,교차로 - 교차로횡단보도내,이륜,남,40세,상해없음,보행자,남,6세,경상
2197,2019080900100709,2019년 8월 9일 22시,금요일,충청북도 증평군 증평읍,중상사고,0,1,0,0,차대사람 - 횡단중,안전운전불이행,포장 - 건조,맑음,교차로 - 교차로부근,승용,남,26세,상해없음,보행자,남,65세,중상
2198,2019081000100143,2019년 8월 10일 07시,토요일,충청북도 음성군 감곡면,중상사고,0,1,0,0,차대사람 - 횡단중,안전운전불이행,포장 - 건조,맑음,교차로 - 교차로안,승용,여,46세,상해없음,보행자,여,64세,중상
2199,2019081000100318,2019년 8월 10일 12시,토요일,충청북도 옥천군 옥천읍,경상사고,0,0,1,0,차대사람 - 길가장자리구역통행중,안전운전불이행,포장 - 건조,맑음,단일로 - 기타,화물,남,77세,상해없음,보행자,여,75세,경상
2200,2019081000100361,2019년 8월 10일 13시,토요일,충청북도 청주시 서원구 사직동,중상사고,0,1,0,0,차대사람 - 기타,안전운전불이행,포장 - 건조,맑음,단일로 - 기타,자전거,남,12세,상해없음,보행자,여,58세,중상
2201,2019081000100634,2019년 8월 10일 21시,토요일,충청북도 청주시 흥덕구 석소동,중상사고,0,1,1,0,차대사람 - 차도통행중,안전운전불이행,포장 - 건조,맑음,단일로 - 지하차도(도로)내,승합,남,56세,상해없음,보행자,남,57세,중상
2202,2019081100100027,2019년 8월 11일 00시,일요일,충청북도 청주시 청원구 내덕동,부상신고사고,0,0,0,1,차대사람 - 기타,안전운전불이행,포장 - 젖음/습기,비,단일로 - 기타,승용,남,54세,상해없음,보행자,남,54세,부상신고
2203,2019081100100137,2019년 8월 11일 10시,일요일,충청북도 청주시 흥덕구 복대동,경상사고,0,0,1,0,차대사람 - 기타,안전운전불이행,포장 - 건조,맑음,단일로 - 기타,승용,여,34세,상해없음,보행자,남,59세,경상
2204,2019081200100264,2019년 8월 12일 11시,월요일,충청북도 청주시 상당구 석교동,중상사고,0,1,0,0,차대사람 - 보도통행중,안전운전불이행,포장 - 건조,맑음,단일로 - 지하차도(도로)내,승용,여,57세,상해없음,보행자,여,74세,중상
2205,2019081200100615,2019년 8월 12일 19시,월요일,충청북도 청주시 상당구 금천동,경상사고,0,0,1,0,차대사람 - 횡단중,보행자보호의무위반,포장 - 건조,맑음,교차로 - 교차로횡단보도내,승용,여,50세,상해없음,보행자,여,77세,경상